<?xml version="1.0" encoding="UTF-8"?>
<!DOCTYPE mapper PUBLIC "-//mybatis.org//DTD Mapper 3.0//EN" "http://mybatis.org/dtd/mybatis-3-mapper.dtd">
<mapper namespace="com.example.board.mapper.BoardMapper">
    <select id="getList" resultType="boardVO">
        <![CDATA[
            SELECT BOARD_NUMBER, BOARD_TITLE, BOARD_CONTENT, BOARD_WRITER, BOARD_REGISTER_DATE, BOARD_UPDATE_DATE
            FROM
            (
                SELECT /*+ INDEX_DESC(TBL_BOARD PK_BOARD) */
                ROWNUM RN, BOARD_NUMBER, BOARD_TITLE, BOARD_CONTENT, BOARD_WRITER, BOARD_REGISTER_DATE, BOARD_UPDATE_DATE
                FROM TBL_BOARD
                WHERE ROWNUM <= #{pageNum} * #{amount}
            )
            WHERE RN > (#{pageNum} - 1) * #{amount}
        ]]>
    </select>

    <insert id="insert">
        <selectKey keyProperty="boardNumber" order="BEFORE" resultType="long">
            SELECT SEQ_BOARD.NEXTVAL FROM DUAL
        </selectKey>
        INSERT INTO TBL_BOARD (BOARD_NUMBER, BOARD_TITLE, BOARD_CONTENT, BOARD_WRITER)
        VALUES (#{boardNumber}, #{boardTitle}, #{boardContent}, #{boardWriter})
    </insert>

    <select id="select" resultType="boardVO">
        SELECT BOARD_NUMBER, BOARD_TITLE, BOARD_CONTENT, BOARD_WRITER, BOARD_REGISTER_DATE, BOARD_UPDATE_DATE
        FROM TBL_BOARD
        WHERE BOARD_NUMBER = #{boardNumber}
    </select>

    <update id="update">
        UPDATE TBL_BOARD
        SET BOARD_TITLE = #{boardTitle}, BOARD_CONTENT = #{boardContent}, BOARD_UPDATE_DATE = SYSDATE
        WHERE BOARD_NUMBER = #{boardNumber}
    </update>

    <delete id="delete">
        DELETE FROM TBL_BOARD
        WHERE BOARD_NUMBER = #{boardNumber}
    </delete>

    <select id="getTotal" resultType="_int">
        SELECT COUNT(BOARD_NUMBER) FROM TBL_BOARD
    </select>

</mapper>