<?xml version="1.0" encoding="UTF-8"?>
<!DOCTYPE mapper PUBLIC "-//mybatis.org//DTD Config 3.0//EN" "http//mybatis.org/dtd/mybatis-3-mapper.dtd">
<mapper namespace="Reply">
	<!-- 댓글 목록 -->
	<select id="select" parameterType="_int" resultType="replyDTO">
		select reply_number, reply_content, member_id, board_number, r.member_number
		from tbl_reply r join tbl_member m
		on r.member_number = m.member_number and board_number = #{boardNumber}
		order by 1 desc
	</select>
	
	<!-- 댓글 등록 -->
	<insert id="insert" parameterType="replyVO">
		insert into tbl_reply (reply_content, board_number, member_number)
		values(#{replyContent}, #{boardNumber}, #{memberNumber})
	</insert>
	
	<!-- 댓글 삭제 -->
	<delete id="delete" parameterType="_int">
		delete from tbl_reply where reply_number = #{replyNumber}
	</delete>
	
	<!-- 댓글 수정 -->
	<update id="update" parameterType="replyVO">
		update tbl_reply
		set reply_content = #{replyContent}
		where reply_number = #{replyNumber}
	</update>
</mapper>














