<?xml version="1.0" encoding="UTF-8"?>
<!DOCTYPE mapper PUBLIC "-//mybatis.org//DTD Mapper 3.0//EN" "http//mybatis.org/dtd/mybatis-3-mapper.dtd">
<mapper namespace="Member">
	<!-- 회원가입 -->
	<insert id="join" parameterType="memberVO">
		insert into tbl_member
		(member_id, member_name, member_pw, member_gender, member_address, member_address_detail)
		values(#{memberId}, #{memberName}, #{memberPw}, #{memberGender}, #{memberAddress}, #{memberAddressDetail})
	</insert>
	
	<!-- 아이디 중복검사 -->
	<!-- 기본 자료형은 앞에 _를 붙이고, 클래스 자료형은 앞글자를 소문자로만 바꿔준다. -->
	<select id="checkId" parameterType="string" resultType="int">
		select count(member_id) from tbl_member where member_id = #{memberId}
	</select>
	
	<!-- 회원목록 -->
	<select id="selectMembers" resultType="memberVO">
		select member_number, member_id, member_name, member_pw, member_gender, member_address, member_address_detail
		from tbl_member order by member_name desc
	</select>
	
	<!-- 로그인 -->
	<select id="login" parameterType="map" resultType="_int">
		select member_number from tbl_member
		where member_id = #{memberId} and member_pw = #{memberPw}
	</select>
	
</mapper>






















